[{"_allAttributes":null,"_properties":null,"_methods":null,"file":"d:/Salesforce/RDMTechSchool/force-app/main/default/lwc/demoLWC/demoLWC.js","metadata":{"decorators":[],"classMembers":[],"declarationLoc":{"start":{"line":3,"column":0},"end":{"line":3,"column":56}},"doc":"","exports":[{"type":"ExportDefaultDeclaration"}]},"updatedAt":"2024-09-06T17:42:32.054Z"},{"_allAttributes":null,"_properties":null,"_methods":null,"file":"d:/Salesforce/RDMTechSchool/force-app/main/default/lwc/childLWC/childLWC.js","metadata":{"decorators":[],"classMembers":[{"name":"user","type":"property","value":{"type":"string","value":"Axis Bank"},"loc":{"start":{"line":4,"column":4},"end":{"line":4,"column":21}}}],"declarationLoc":{"start":{"line":3,"column":0},"end":{"line":6,"column":1}},"doc":"","exports":[{"type":"ExportDefaultDeclaration"}]},"updatedAt":"2024-09-08T06:27:47.428Z"},{"_allAttributes":null,"_properties":null,"_methods":null,"file":"d:/Salesforce/RDMTechSchool/force-app/main/default/lwc/conditionalLWC/conditionalLWC.js","metadata":{"decorators":[],"classMembers":[{"name":"areDetailsVisible","type":"property","value":{"type":"boolean","value":false},"loc":{"start":{"line":5,"column":4},"end":{"line":5,"column":29}}},{"name":"handleChange","type":"method","loc":{"start":{"line":7,"column":4},"end":{"line":9,"column":5}}}],"declarationLoc":{"start":{"line":3,"column":0},"end":{"line":10,"column":1}},"doc":"","exports":[{"type":"ExportDefaultDeclaration"}]},"updatedAt":"2024-09-08T06:46:48.369Z"},{"_allAttributes":null,"_properties":null,"_methods":null,"file":"d:/Salesforce/RDMTechSchool/force-app/main/default/lwc/exampleLifecycle/exampleLifecycle.js","metadata":{"decorators":[{"type":"track","targets":[{"name":"message","type":"property"},{"name":"renderedCount","type":"property"}]}],"classMembers":[{"name":"message","type":"property","decorator":"track","loc":{"start":{"line":4,"column":4},"end":{"line":4,"column":39}}},{"name":"renderedCount","type":"property","decorator":"track","loc":{"start":{"line":5,"column":4},"end":{"line":5,"column":29}}},{"name":"ready","type":"property","value":{"type":"boolean","value":false},"loc":{"start":{"line":6,"column":4},"end":{"line":6,"column":16}}},{"name":"render","type":"property","value":{"type":"boolean","value":false},"loc":{"start":{"line":7,"column":4},"end":{"line":7,"column":17}}},{"name":"connectedCallback","type":"method","loc":{"start":{"line":16,"column":4},"end":{"line":24,"column":5}}},{"name":"renderedCallback","type":"method","loc":{"start":{"line":27,"column":4},"end":{"line":34,"column":5}}}],"declarationLoc":{"start":{"line":3,"column":0},"end":{"line":35,"column":1}},"doc":"","exports":[{"type":"ExportDefaultDeclaration"}]},"updatedAt":"2024-09-09T07:33:01.671Z"},{"_allAttributes":null,"_properties":null,"_methods":null,"file":"d:/Salesforce/RDMTechSchool/force-app/main/default/lwc/helloBinding/helloBinding.js","metadata":{"decorators":[],"classMembers":[{"name":"greeting","type":"property","value":{"type":"string","value":"World"},"loc":{"start":{"line":4,"column":4},"end":{"line":4,"column":22}}},{"name":"firstName","type":"property","value":{"type":"string","value":""},"loc":{"start":{"line":5,"column":4},"end":{"line":5,"column":17}}},{"name":"lastName","type":"property","value":{"type":"string","value":""},"loc":{"start":{"line":6,"column":4},"end":{"line":6,"column":16}}},{"name":"handleChange","type":"method","loc":{"start":{"line":12,"column":4},"end":{"line":19,"column":5}}},{"name":"uppercaseFullName","type":"property","loc":{"start":{"line":20,"column":4},"end":{"line":22,"column":5}}}],"declarationLoc":{"start":{"line":3,"column":0},"end":{"line":23,"column":1}},"doc":"","exports":[{"type":"ExportDefaultDeclaration"}]},"updatedAt":"2024-09-08T05:05:48.236Z"},{"_allAttributes":null,"_properties":null,"_methods":null,"file":"d:/Salesforce/RDMTechSchool/force-app/main/default/lwc/listLWC/listLWC.js","metadata":{"decorators":[],"classMembers":[{"name":"contacts","type":"property","loc":{"start":{"line":5,"column":4},"end":{"line":23,"column":5}}}],"declarationLoc":{"start":{"line":3,"column":0},"end":{"line":24,"column":1}},"doc":"","exports":[{"type":"ExportDefaultDeclaration"}]},"updatedAt":"2024-09-08T08:35:48.031Z"},{"_allAttributes":null,"_properties":null,"_methods":null,"file":"d:/Salesforce/RDMTechSchool/force-app/main/default/lwc/parentLWC/parentLWC.js","metadata":{"decorators":[],"classMembers":[],"declarationLoc":{"start":{"line":3,"column":0},"end":{"line":3,"column":58}},"doc":"","exports":[{"type":"ExportDefaultDeclaration"}]},"updatedAt":"2024-09-08T05:33:39.770Z"},{"_allAttributes":null,"_properties":null,"_methods":null,"file":"d:/Salesforce/RDMTechSchool/force-app/main/default/lwc/apexLWC/apexLWC.js","metadata":{"decorators":[{"type":"track","targets":[{"name":"contacts","type":"property"},{"name":"error","type":"property"}]}],"classMembers":[{"name":"contacts","type":"property","decorator":"track","loc":{"start":{"line":5,"column":4},"end":{"line":5,"column":20}}},{"name":"error","type":"property","decorator":"track","loc":{"start":{"line":6,"column":4},"end":{"line":6,"column":17}}},{"name":"handleLoad","type":"method","loc":{"start":{"line":8,"column":4},"end":{"line":18,"column":5}}}],"declarationLoc":{"start":{"line":4,"column":0},"end":{"line":19,"column":1}},"doc":"","exports":[{"type":"ExportDefaultDeclaration"}]},"updatedAt":"2024-09-10T15:20:33.862Z"},{"_allAttributes":null,"_properties":null,"_methods":null,"file":"d:/Salesforce/RDMTechSchool/force-app/main/default/lwc/dataServiceLWC/dataServiceLWC.js","metadata":{"decorators":[{"type":"api","targets":[{"name":"recordId","type":"property","value":{"type":"unresolved"}},{"name":"objectApiName","type":"property","value":{"type":"unresolved"}}]}],"classMembers":[{"name":"recordId","type":"property","value":{"type":"unresolved"},"decorator":"api","loc":{"start":{"line":30,"column":8},"end":{"line":30,"column":22}}},{"name":"objectApiName","type":"property","value":{"type":"unresolved"},"decorator":"api","loc":{"start":{"line":31,"column":8},"end":{"line":31,"column":27}}}],"declarationLoc":{"start":{"line":8,"column":0},"end":{"line":32,"column":1}},"doc":"","exports":[{"type":"ExportDefaultDeclaration"}]},"updatedAt":"2024-09-10T07:56:36.717Z"},{"_allAttributes":null,"_properties":null,"_methods":null,"file":"d:/Salesforce/RDMTechSchool/force-app/main/default/lwc/dataServiceLWC2/dataServiceLWC2.js","metadata":{"decorators":[],"classMembers":[{"name":"conObject","type":"property","value":{"type":"unresolved"},"loc":{"start":{"line":9,"column":4},"end":{"line":9,"column":31}}},{"name":"myFields","type":"property","loc":{"start":{"line":10,"column":4},"end":{"line":10,"column":41}}},{"name":"handleConCreated","type":"method","loc":{"start":{"line":12,"column":4},"end":{"line":20,"column":5}}}],"declarationLoc":{"start":{"line":7,"column":0},"end":{"line":21,"column":1}},"doc":"","exports":[{"type":"ExportDefaultDeclaration"}]},"updatedAt":"2024-09-10T11:14:16.182Z"},{"_allAttributes":null,"_properties":null,"_methods":null,"file":"d:/Salesforce/RDMTechSchool/force-app/main/default/lwc/emiSchedule/emiSchedule.js","metadata":{"decorators":[],"classMembers":[{"name":"loanAmount","type":"property","loc":{"start":{"line":4,"column":4},"end":{"line":4,"column":19}}},{"name":"interestRate","type":"property","loc":{"start":{"line":5,"column":4},"end":{"line":5,"column":21}}},{"name":"months","type":"property","loc":{"start":{"line":6,"column":4},"end":{"line":6,"column":15}}},{"name":"emiSchedule","type":"property","loc":{"start":{"line":7,"column":4},"end":{"line":7,"column":21}}},{"name":"columns","type":"property","loc":{"start":{"line":9,"column":4},"end":{"line":15,"column":6}}},{"name":"handleLoanAmountChange","type":"method","loc":{"start":{"line":17,"column":4},"end":{"line":19,"column":5}}},{"name":"handleInterestRateChange","type":"method","loc":{"start":{"line":21,"column":4},"end":{"line":23,"column":5}}},{"name":"handleMonthsChange","type":"method","loc":{"start":{"line":25,"column":4},"end":{"line":27,"column":5}}},{"name":"calculateEMI","type":"method","loc":{"start":{"line":29,"column":4},"end":{"line":35,"column":5}}},{"name":"calculateEmi","type":"method","loc":{"start":{"line":37,"column":4},"end":{"line":40,"column":5}}},{"name":"generateSchedule","type":"method","loc":{"start":{"line":42,"column":4},"end":{"line":68,"column":5}}}],"declarationLoc":{"start":{"line":3,"column":0},"end":{"line":69,"column":1}},"doc":"","exports":[{"type":"ExportDefaultDeclaration"}]},"updatedAt":"2024-09-09T10:18:26.658Z"},{"_allAttributes":null,"_properties":null,"_methods":null,"file":"d:/Salesforce/RDMTechSchool/force-app/main/default/lwc/wireApexLWC/wireApexLWC.js","metadata":{"decorators":[{"type":"wire","targets":[{"name":"contacts","type":"property","static":{},"params":{},"adapter":{"name":"getContactList","reference":"@salesforce/apex/ContactController.getContactList"}}]}],"classMembers":[{"name":"contacts","type":"property","decorator":"wire","loc":{"start":{"line":5,"column":4},"end":{"line":5,"column":34}}},{"name":"contactsData","type":"property","loc":{"start":{"line":7,"column":4},"end":{"line":9,"column":5}}},{"name":"hasError","type":"property","loc":{"start":{"line":11,"column":4},"end":{"line":13,"column":5}}}],"declarationLoc":{"start":{"line":4,"column":0},"end":{"line":14,"column":1}},"doc":"","exports":[{"type":"ExportDefaultDeclaration"}]},"updatedAt":"2024-09-10T15:10:39.280Z"},{"_allAttributes":null,"_properties":null,"_methods":null,"file":"d:/Salesforce/RDMTechSchool/force-app/main/default/lwc/wireLWC/wireLWC.js","metadata":{"decorators":[{"type":"api","targets":[{"name":"recordId","type":"property","value":{"type":"unresolved"}}]},{"type":"wire","targets":[{"type":"method","name":"wiredAccount","static":{"fields":{"type":"array","value":[null]}},"params":{"recordId":"recordId"},"adapter":{"name":"getRecord","reference":"lightning/uiRecordApi"}}]}],"classMembers":[{"name":"recordId","type":"property","value":{"type":"unresolved"},"decorator":"api","loc":{"start":{"line":35,"column":0},"end":{"line":35,"column":14}}},{"name":"record","type":"property","loc":{"start":{"line":36,"column":4},"end":{"line":36,"column":11}}},{"name":"error","type":"property","loc":{"start":{"line":37,"column":4},"end":{"line":37,"column":10}}},{"name":"wiredAccount","type":"method","decorator":"wire","loc":{"start":{"line":39,"column":4},"end":{"line":48,"column":5}}},{"name":"name","type":"property","loc":{"start":{"line":50,"column":4},"end":{"line":52,"column":5}}}],"declarationLoc":{"start":{"line":12,"column":0},"end":{"line":53,"column":1}},"doc":"","exports":[{"type":"ExportDefaultDeclaration"}]},"updatedAt":"2024-09-10T14:29:53.913Z"}]